{"cameraMode":{"drawMode":0,"name":"Shaded","section":"Shading Mode"},"sceneLighting":false,"audioPlay":false,"sceneViewState":{"showFog":true,"showMaterialUpdate":false,"showSkybox":false,"showFlares":true,"showImageEffects":true,"showParticleSystems":true,"showVisualEffectGraphs":true,"m_FxEnabled":false},"in2DMode":false,"pivot":{"x":0.14220565557479859,"y":1.2478399276733399,"z":0.10444006323814392},"rotation":{"x":0.3255104720592499,"y":0.17310595512390138,"z":-0.060747068375349048,"w":0.9275745153427124},"size":1.5228300094604493,"orthographic":false}