{"cameraMode":{"drawMode":0,"name":"Shaded","section":"Shading Mode"},"sceneLighting":false,"audioPlay":false,"sceneViewState":{"showFog":true,"showMaterialUpdate":false,"showSkybox":false,"showFlares":true,"showImageEffects":true,"showParticleSystems":true,"showVisualEffectGraphs":true,"m_FxEnabled":false},"in2DMode":false,"pivot":{"x":-1.5409173965454102,"y":0.6236065626144409,"z":-0.39981746673583987},"rotation":{"x":-0.004839940462261438,"y":0.9916443228721619,"z":-0.03899313509464264,"w":-0.12320012599229813},"size":4.6421685218811039,"orthographic":false}