{"cameraMode":{"drawMode":0,"name":"Shaded","section":"Shading Mode"},"sceneLighting":false,"audioPlay":false,"sceneViewState":{"showFog":true,"showMaterialUpdate":false,"showSkybox":false,"showFlares":true,"showImageEffects":true,"showParticleSystems":true,"showVisualEffectGraphs":true,"m_FxEnabled":false},"in2DMode":false,"pivot":{"x":3.0799999237060549,"y":1.9449992179870606,"z":-2.938476800918579},"rotation":{"x":0.0004197496164124459,"y":0.969556987285614,"z":-0.24529686570167542,"w":0.00199492066167295},"size":12.659728050231934,"orthographic":false}