{"cameraMode":{"drawMode":0,"name":"Shaded","section":"Shading Mode"},"sceneLighting":true,"audioPlay":false,"sceneViewState":{"showFog":true,"showMaterialUpdate":false,"showSkybox":true,"showFlares":true,"showImageEffects":true,"showParticleSystems":true},"in2DMode":false,"pivot":{"x":15.939971923828125,"y":-1.6003069877624512,"z":-27.436471939086915},"rotation":{"x":-0.14422082901000977,"y":-0.5305923223495483,"z":0.0885336846113205,"w":-0.830730140209198},"size":12.062845230102539,"orthographic":false}